WaferID,TimeRun,MaxAdcValue,radiometric
"AAF14140666Y-29",2015-07-06T22:05:49.313Z,2294,-1
"AAF14140666Y-29",2015-07-06T22:05:49.313Z,7206,-1
"AAF14140666Y-29",2015-07-06T22:05:49.313Z,3712,-1
"AAF14140666Y-29",2015-07-06T22:05:49.313Z,26912,-1
"AAF14140666Y-29",2015-07-06T22:05:49.313Z,19525,-1
"AAF14140666Y-29",2015-07-06T22:05:49.313Z,5266,-1
"AAF14140666Y-29",2015-07-06T22:05:49.313Z,7763,-1
"AAF14140666Y-29",2015-07-06T22:05:49.313Z,11448,-1
"AAF14140666Y-29",2015-07-06T22:05:49.313Z,18470,-1
"AAF14140666Y-29",2015-07-06T22:05:49.313Z,10254,-1
"AAF14140666Y-29",2015-07-06T22:05:49.313Z,7480,-1
"AAF14140666Y-29",2015-07-06T22:05:49.313Z,14228,-1
"AAF14140666Y-29",2015-07-06T22:05:49.313Z,29965,-1
"AAF14140666Y-29",2015-07-06T22:05:49.313Z,21815,-1
"AAF14140666Y-29",2015-07-06T22:05:49.313Z,16481,-1
"AAF14140666Y-29",2015-07-06T22:05:49.313Z,12331,-1
"AAF14140666Y-29",2015-07-06T22:05:49.313Z,15296,-1
"AAF14140666Y-29",2015-07-06T22:05:49.313Z,21642,-1
"AAF14140666Y-29",2015-07-06T22:05:49.313Z,24299,-1
"AAF14140666Y-29",2015-07-06T22:05:49.313Z,12333,-1
"AAF14140666Y-29",2015-07-06T22:05:49.313Z,8706,-1
"AAF14140666Y-29",2015-07-06T22:05:49.313Z,9301,-1
"AAF14140666Y-29",2015-07-06T22:05:49.313Z,11985,-1
"AAF14140666Y-29",2015-07-06T22:05:49.313Z,8260,-1
"AAF14140666Y-29",2015-07-06T22:05:49.313Z,20839,-1
"AAF14140666Y-29",2015-07-06T22:05:49.313Z,17740,-1
"AAF14140666Y-29",2015-07-06T22:05:49.313Z,24728,-1
"AAF14140666Y-29",2015-07-06T22:05:49.313Z,14968,-1
"AAF14140666Y-29",2015-07-06T22:05:49.313Z,9490,-1
"AAF14140666Y-29",2015-07-06T22:05:49.313Z,9145,-1
"AAF14140666Y-29",2015-07-06T22:05:49.313Z,8015,-1
"AAF14140666Y-29",2015-07-06T22:05:49.313Z,11853,-1
"AAF14140666Y-29",2015-07-06T22:05:49.313Z,13528,-1
"AAF14140666Y-29",2015-07-06T22:05:49.313Z,20853,-1
"AAF14140666Y-29",2015-07-06T22:05:49.313Z,14933,-1
"AAF14140666Y-29",2015-07-06T22:05:49.313Z,9513,-1
"AAF14140666Y-29",2015-07-06T22:05:49.313Z,12662,-1
"AAF14140666Y-29",2015-07-06T22:05:49.313Z,13647,-1
"AAF14140666Y-29",2015-07-06T22:05:49.313Z,30528,-1
"AAF14140666Y-29",2015-07-06T22:05:49.313Z,20482,-1
"AAF14140666Y-29",2015-07-06T22:05:49.313Z,11804,-1
"AAF14140666Y-29",2015-07-06T22:05:49.313Z,14633,-1
"AAF14140666Y-29",2015-07-06T22:05:49.313Z,12075,-1
"AAF14140666Y-29",2015-07-06T22:05:49.313Z,14131,-1
"AAF14140666Y-29",2015-07-06T22:05:49.313Z,9384,-1
"AAF14140666Y-29",2015-07-06T22:05:49.313Z,11184,-1
"AAF14140666Y-29",2015-07-06T22:05:49.313Z,24211,-1
"AAF14140666Y-29",2015-07-06T22:05:49.313Z,17476,-1
"AAF14140666Y-29",2015-07-06T22:05:49.313Z,11691,-1
"AAF14140666Y-29",2015-07-06T22:05:49.313Z,8878,-1
"AAF14140666Y-29",2015-07-06T22:05:49.313Z,20475,-1
"AAF14140666Y-29",2015-07-06T22:05:49.313Z,22122,-1
"AAF14140666Y-29",2015-07-06T22:05:49.313Z,9475,-1
"AAF14140666Y-29",2015-07-06T22:05:49.313Z,13516,-1
"AAF14140666Y-29",2015-07-06T22:05:49.313Z,19224,-1
"AAF14140666Y-29",2015-07-06T22:05:49.313Z,23547,-1
"AAF14140666Y-29",2015-07-06T22:05:49.313Z,23666,-1
"AAF14140666Y-29",2015-07-06T22:05:49.313Z,9083,-1
"AAF14140666Y-29",2015-07-06T22:05:49.313Z,13509,-1
"AAF14140666Y-29",2015-07-06T22:05:49.313Z,18460,-1
"AAF14140666Y-29",2015-07-06T22:05:49.313Z,9397,-1
"AAF14140666Y-29",2015-07-06T22:05:49.313Z,11367,-1
"AAF14140666Y-29",2015-07-06T22:05:49.313Z,9569,-1
"AAF14140666Y-29",2015-07-06T22:05:49.313Z,8838,-1
"AAF14140666Y-29",2015-07-06T22:05:49.313Z,8267,-1
"AAF14140666Y-29",2015-07-06T22:05:49.313Z,10252,-1
"AAF14140666Y-29",2015-07-06T22:05:49.313Z,22281,-1
"AAF14140666Y-29",2015-07-06T22:05:49.313Z,31037,-1
"AAF14140666Y-29",2015-07-06T22:05:49.313Z,9571,-1
"UN0004977",2015-07-08T23:41:01.968Z,4425,-0.0003406415053177625
"UN0004977",2015-07-08T23:41:01.968Z,9174,-0.0003406415053177625
"UN0004977",2015-07-08T23:41:01.968Z,9611,-0.0003406415053177625
"UN0004977",2015-07-08T23:41:01.968Z,4366,-0.0003406415053177625
"UN0004977",2015-06-29T21:00:44.628Z,13507,-0.0003406415053177625
"UN0004977",2015-07-08T23:41:01.968Z,7440,-0.0003406415053177625
"UN0004977",2015-07-08T23:41:01.968Z,4189,-0.0003406415053177625
"UN0004977",2015-07-08T23:08:18.732Z,11582,-0.0003406415053177625
"UN0004977",2015-07-08T23:41:01.968Z,10945,-0.0003406415053177625
"UN0004977",2015-07-08T23:41:01.968Z,9871,-0.0003406415053177625
"UN0004977",2015-07-08T23:08:18.732Z,10491,-0.0003406415053177625
"UN0004977",2015-07-08T23:41:01.968Z,8900,-0.0003406415053177625
"UN0004977",2015-07-08T23:41:01.968Z,6909,-0.0003406415053177625
"UN0004977",2015-07-08T23:08:18.732Z,9969,-0.0003406415053177625
"UN0004977",2015-07-08T23:08:18.732Z,9499,-0.0003406415053177625
"UN0004977",2015-06-29T21:00:44.628Z,15189,-0.0003406415053177625
"UN0004977",2015-07-08T23:08:18.732Z,8963,-0.0003406415053177625
"UN0004977",2015-07-08T23:08:18.732Z,10965,-0.0003406415053177625
"UN0004977",2015-07-08T23:08:18.732Z,9858,-0.0003406415053177625
"UN0004977",2015-07-08T23:08:18.732Z,3897,-0.0003406415053177625
"UN0004977",2015-07-08T23:41:01.968Z,9799,-0.0003406415053177625
"UN0004977",2015-07-08T23:08:18.732Z,10473,-0.0003406415053177625
"UN0004977",2015-07-08T23:08:18.732Z,4171,-0.0003406415053177625
"UN0004977",2015-07-08T23:41:01.968Z,10583,-0.0003406415053177625
"UN0004977",2015-07-08T23:08:18.732Z,9764,-0.0003406415053177625
"UN0004977",2015-07-08T23:41:01.968Z,9693,-0.0003406415053177625
"UN0004977",2015-07-08T23:08:18.732Z,10659,-0.0003406415053177625
"UN0004977",2015-07-08T23:08:18.732Z,7416,-0.0003406415053177625
"UN0004977",2015-07-08T23:08:18.732Z,10346,-0.0003406415053177625
"UN0004977",2015-06-29T21:00:44.628Z,14916,-0.0003406415053177625
"UN0004977",2015-07-08T23:08:18.732Z,9224,-0.0003406415053177625
"UN0004977",2015-06-29T21:00:44.628Z,14754,-0.0003406415053177625
"UN0004977",2015-07-08T23:41:01.968Z,10581,-0.0003406415053177625
"UN0004977",2015-07-08T23:41:01.968Z,10483,-0.0003406415053177625
"UN0004977",2015-07-08T23:08:18.732Z,9708,-0.0003406415053177625
"UN0004977",2015-07-08T23:08:18.732Z,6973,-0.0003406415053177625
"UN0004977",2015-07-08T23:08:18.732Z,9715,-0.0003406415053177625
"UN0004977",2015-07-08T23:08:18.732Z,9231,-0.0003406415053177625
"UN0004977",2015-07-08T23:41:01.968Z,9935,-0.0003406415053177625
"UN0004977",2015-07-08T23:41:01.968Z,10511,-0.0003406415053177625
"UN0004977",2015-07-08T23:41:01.968Z,10392,-0.0003406415053177625
"UN0004977",2015-07-08T23:41:01.968Z,9265,-0.0003406415053177625
"UN0004977",2015-06-29T21:00:44.628Z,14901,-0.0003406415053177625
"UN0004977",2015-06-29T21:00:44.628Z,14318,-0.0003406415053177625
"UN0004977",2015-07-08T23:41:01.968Z,9695,-0.0003406415053177625
"UN0004977",2015-07-08T23:41:01.968Z,11646,-0.0003406415053177625
"UN0004977",2015-07-08T23:08:18.732Z,10473,-0.0003406415053177625
"UN0004977",2015-07-08T23:41:01.968Z,3233,-0.0003406415053177625
"UN0004977",2015-07-08T23:41:01.968Z,6954,-0.0003406415053177625
"UN0004977",2015-07-08T23:41:01.968Z,2434,-0.0003406415053177625
"UN0004977",2015-07-08T23:41:01.968Z,7394,-0.0003406415053177625
"UN0004977",2015-07-08T23:41:01.968Z,4829,-0.0003406415053177625
"UN0004977",2015-07-08T23:08:18.732Z,7344,-0.0003406415053177625
"UN0004977",2015-07-08T23:41:01.968Z,8447,-0.0003406415053177625
"UN0004977",2015-07-08T23:08:18.732Z,8990,-0.0003406415053177625
"UN0004977",2015-06-29T21:00:44.628Z,9878,-0.0003406415053177625
"UN0004977",2015-07-08T23:41:01.968Z,7585,-0.0003406415053177625
"UN0004977",2015-07-08T23:41:01.968Z,5239,-0.0003406415053177625
"UN0004977",2015-07-08T23:08:18.732Z,6737,-0.0003406415053177625
"UN0004977",2015-07-08T23:41:01.968Z,6694,-0.0003406415053177625
"UN0004977",2015-06-29T21:00:44.628Z,11605,-0.0003406415053177625
"UN0004977",2015-07-08T23:08:18.732Z,7580,-0.0003406415053177625
"UN0004977",2015-07-08T23:41:01.968Z,8202,-0.0003406415053177625
"UN0004977",2015-07-08T23:08:18.732Z,8079,-0.0003406415053177625
"UN0004977",2015-07-08T23:41:01.968Z,7490,-0.0003406415053177625
"UN0004977",2015-07-08T23:08:18.732Z,2072,-0.0003406415053177625
"UN0004977",2015-07-08T23:08:18.732Z,8470,-0.0003406415053177625
"UN0004977",2015-07-08T23:08:18.732Z,8250,-0.0003406415053177625
"UN0004977",2015-07-08T23:41:01.968Z,7533,-0.0003406415053177625
"UN0004977",2015-07-08T23:08:18.732Z,5209,-0.0003406415053177625
"UN0004977",2015-07-08T23:08:18.732Z,8128,-0.0003406415053177625
"UN0004977",2015-06-29T21:00:44.628Z,11254,-0.0003406415053177625
"UN0004977",2015-07-08T23:08:18.732Z,7670,-0.0003406415053177625
"UN0004977",2015-07-08T23:08:18.732Z,6964,-0.0003406415053177625
"UN0004977",2015-07-08T23:08:18.732Z,3226,-0.0003406415053177625
"UN0004977",2015-07-08T23:08:18.732Z,7474,-0.0003406415053177625
"UN0004977",2015-06-29T21:00:44.628Z,11605,-0.0003406415053177625
"UN0004977",2015-07-08T23:08:18.732Z,4888,-0.0003406415053177625
"UN0004977",2015-07-08T23:08:18.732Z,7497,-0.0003406415053177625
"UN0004977",2015-07-08T23:08:18.732Z,7512,-0.0003406415053177625
"UN0004977",2015-07-08T23:41:01.968Z,8118,-0.0003406415053177625
"UN0004977",2015-07-08T23:41:01.968Z,8161,-0.0003406415053177625
"UN0004977",2015-07-08T23:08:18.732Z,7977,-0.0003406415053177625
"UN0004977",2015-07-08T23:41:01.968Z,7076,-0.0003406415053177625
"UN0004977",2015-07-08T23:08:18.732Z,7048,-0.0003406415053177625
"UN0004977",2015-07-08T23:41:01.968Z,7679,-0.0003406415053177625
"UN0004977",2015-07-08T23:41:01.968Z,8119,-0.0003406415053177625
"UN0004977",2015-07-08T23:41:01.968Z,8075,-0.0003406415053177625
"UN0004977",2015-06-29T21:00:44.628Z,10872,-0.0003406415053177625
"UN0004977",2015-07-08T23:41:01.968Z,9019,-0.0003406415053177625
"UN0004977",2015-06-29T21:00:44.628Z,11409,-0.0003406415053177625
"UN0004977",2015-07-08T23:41:01.968Z,7489,-0.0003406415053177625
"UN0004977",2015-07-08T23:08:18.732Z,8143,-0.0003406415053177625
"UN0004977",2015-07-08T23:41:01.968Z,2268,-0.0003406415053177625
"UN0004977",2015-07-08T23:41:01.968Z,5194,-0.0003406415053177625
"UN0004977",2015-07-08T23:41:01.968Z,5563,-0.0003406415053177625
"UN0004977",2015-06-29T21:00:44.628Z,7097,-0.0003406415053177625
"UN0004977",2015-06-29T21:00:44.628Z,7600,-0.0003406415053177625
"UN0004977",2015-07-08T23:41:01.968Z,4528,-0.0003406415053177625
"UN0004977",2015-07-08T23:41:01.968Z,2832,-0.0003406415053177625
"UN0004977",2015-07-08T23:41:01.968Z,4698,-0.0003406415053177625
"UN0004977",2015-07-08T23:41:01.968Z,5213,-0.0003406415053177625
"UN0004977",2015-07-08T23:41:01.968Z,4909,-0.0003406415053177625
"UN0004977",2015-07-08T23:41:01.968Z,5306,-0.0003406415053177625
"UN0004977",2015-07-08T23:41:01.968Z,5375,-0.0003406415053177625
"UN0004977",2015-07-08T23:41:01.968Z,5742,-0.0003406415053177625
"UN0004977",2015-07-08T23:41:01.968Z,5136,-0.0003406415053177625
"UN0004977",2015-07-08T23:41:01.968Z,5245,-0.0003406415053177625
"UN0004977",2015-07-08T23:41:01.968Z,6249,-0.0003406415053177625
"UN0004977",2015-07-08T23:41:01.968Z,5692,-0.0003406415053177625
"UN0004977",2015-07-08T23:41:01.968Z,5698,-0.0003406415053177625
"UN0004977",2015-07-08T23:41:01.968Z,5707,-0.0003406415053177625
"UN0004977",2015-07-08T23:41:01.968Z,2948,-0.0003406415053177625
"UN0004977",2015-07-08T23:41:01.968Z,5891,-0.0003406415053177625
"UN0004977",2015-06-29T21:00:44.628Z,7937,-0.0003406415053177625
"UN0004977",2015-06-29T21:00:44.628Z,7714,-0.0003406415053177625
"UN0004977",2015-06-29T21:00:44.628Z,7445,-0.0003406415053177625
"UN0004977",2015-06-29T21:00:44.628Z,6051,-0.0003406415053177625
"UN0004977",2015-07-08T23:08:18.732Z,6233,-0.0003406415053177625
"UN0004977",2015-07-08T23:08:18.732Z,5673,-0.0003406415053177625
"UN0004977",2015-07-08T23:08:18.732Z,5916,-0.0003406415053177625
"UN0004977",2015-07-08T23:08:18.732Z,4585,-0.0003406415053177625
"UN0004977",2015-07-08T23:08:18.732Z,4734,-0.0003406415053177625
"UN0004977",2015-07-08T23:08:18.732Z,5317,-0.0003406415053177625
"UN0004977",2015-07-08T23:08:18.732Z,5770,-0.0003406415053177625
"UN0004977",2015-07-08T23:08:18.732Z,5261,-0.0003406415053177625
"UN0004977",2015-07-08T23:08:18.732Z,5561,-0.0003406415053177625
"UN0004977",2015-07-08T23:08:18.732Z,5387,-0.0003406415053177625
"UN0004977",2015-07-08T23:08:18.732Z,5120,-0.0003406415053177625
"UN0004977",2015-07-08T23:08:18.732Z,5658,-0.0003406415053177625
"UN0004977",2015-07-08T23:08:18.732Z,5265,-0.0003406415053177625
"UN0004977",2015-07-08T23:08:18.732Z,2897,-0.0003406415053177625
"UN0004977",2015-07-08T23:08:18.732Z,5189,-0.0003406415053177625
"UN0004977",2015-07-08T23:08:18.732Z,2953,-0.0003406415053177625
"UN0004977",2015-07-08T23:08:18.732Z,2261,-0.0003406415053177625
"UN0004977",2015-07-08T23:08:18.732Z,5593,-0.0003406415053177625
"UN0004977",2015-07-08T23:08:18.732Z,4900,-0.0003406415053177625
"UN0004977",2015-07-08T23:08:18.732Z,9726,-0.0003406415053177625
"UN0004977",2015-07-08T23:08:18.732Z,8521,-0.0003406415053177625
"UN0004977",2015-07-08T23:41:01.968Z,4054,-0.0003406415053177625
"UN0004977",2015-07-08T23:08:18.732Z,8801,-0.0003406415053177625
"UN0004977",2015-07-08T23:41:01.968Z,8474,-0.0003406415053177625
"UN0004977",2015-07-08T23:08:18.732Z,8421,-0.0003406415053177625
"UN0004977",2015-07-08T23:08:18.732Z,9981,-0.0003406415053177625
"UN0004977",2015-07-08T23:08:18.732Z,10015,-0.0003406415053177625
"UN0004977",2015-07-08T23:08:18.732Z,9314,-0.0003406415053177625
"UN0004977",2015-07-08T23:08:18.732Z,9973,-0.0003406415053177625
"UN0004977",2015-07-08T23:08:18.732Z,9873,-0.0003406415053177625
"UN0004977",2015-07-08T23:08:18.732Z,10522,-0.0003406415053177625
"UN0004977",2015-07-08T23:08:18.732Z,8269,-0.0003406415053177625
"UN0004977",2015-07-08T23:08:18.732Z,11493,-0.0003406415053177625
"UN0004977",2015-07-09T00:04:32.378Z,8401,-0.0003406415053177625
"UN0004977",2015-07-08T23:08:18.732Z,8215,-0.0003406415053177625
"UN0004977",2015-07-09T00:04:32.378Z,7683,-0.0003406415053177625
"UN0004977",2015-07-08T23:08:18.732Z,10795,-0.0003406415053177625
"UN0004977",2015-07-08T23:41:01.968Z,10914,-0.0003406415053177625
"UN0004977",2015-07-08T23:08:18.732Z,11233,-0.0003406415053177625
"UN0004977",2015-07-08T23:41:01.968Z,9595,-0.0003406415053177625
"UN0004977",2015-07-08T23:08:18.732Z,10903,-0.0003406415053177625
"UN0004977",2015-07-08T23:08:18.732Z,10718,-0.0003406415053177625
"UN0004977",2015-07-08T23:08:18.732Z,10302,-0.0003406415053177625
"UN0004977",2015-07-08T23:08:18.732Z,10181,-0.0003406415053177625
"UN0004977",2015-07-09T00:04:32.378Z,9601,-0.0003406415053177625
"UN0004977",2015-07-08T23:08:18.732Z,9031,-0.0003406415053177625
"UN0004977",2015-07-08T23:08:18.732Z,10714,-0.0003406415053177625
"UN0004977",2015-07-09T00:04:32.378Z,8511,-0.0003406415053177625
"UN0004977",2015-07-08T23:08:18.732Z,8930,-0.0003406415053177625
"UN0004977",2015-07-08T23:41:01.968Z,9945,-0.0003406415053177625
"UN0004977",2015-06-29T21:00:44.628Z,8728,-0.0003406415053177625
"UN0004977",2015-07-08T23:41:01.968Z,10136,-0.0003406415053177625
"UN0004977",2015-07-08T23:08:18.732Z,10946,-0.0003406415053177625
"UN0004977",2015-07-08T23:41:01.968Z,10762,-0.0003406415053177625
"UN0004977",2015-07-09T00:04:32.378Z,9064,-0.0003406415053177625
"UN0004977",2015-07-09T00:04:32.378Z,10569,-0.0003406415053177625
"UN0004977",2015-07-09T00:04:32.378Z,10227,-0.0003406415053177625
"UN0004977",2015-07-08T23:41:01.968Z,10177,-0.0003406415053177625
"UN0004977",2015-07-08T23:41:01.968Z,8385,-0.0003406415053177625
"UN0004977",2015-07-09T00:04:32.378Z,3690,-0.0003406415053177625
"UN0004977",2015-07-08T23:41:01.968Z,3797,-0.0003406415053177625
"UN0004977",2015-07-08T23:08:18.732Z,7701,-0.0003406415053177625
"UN0004977",2015-07-08T23:08:18.732Z,9077,-0.0003406415053177625
"UN0004977",2015-07-09T00:04:32.378Z,10150,-0.0003406415053177625
"UN0004977",2015-07-08T23:41:01.968Z,9654,-0.0003406415053177625
"UN0004977",2015-07-09T00:04:32.378Z,11874,-0.0003406415053177625
"UN0004977",2015-07-08T23:41:01.968Z,10711,-0.0003406415053177625
"UN0004977",2015-07-08T23:41:01.968Z,11130,-0.0003406415053177625
"UN0004977",2015-07-09T00:04:32.378Z,8207,-0.0003406415053177625
"UN0004977",2015-07-09T00:04:32.378Z,9034,-0.0003406415053177625
"UN0004977",2015-07-09T00:04:32.378Z,10705,-0.0003406415053177625
"UN0004977",2015-06-29T21:00:44.628Z,9877,-0.0003406415053177625
"UN0004977",2015-07-08T23:41:01.968Z,9330,-0.0003406415053177625
"UN0004977",2015-07-09T00:04:32.378Z,9155,-0.0003406415053177625
"UN0004977",2015-07-08T23:08:18.732Z,11524,-0.0003406415053177625
"UN0004977",2015-07-09T00:04:32.378Z,9958,-0.0003406415053177625
"UN0004977",2015-07-09T00:04:32.378Z,11149,-0.0003406415053177625
"UN0004977",2015-07-08T23:41:01.968Z,2636,-0.0003406415053177625
"UN0004977",2015-07-08T23:08:18.732Z,8950,-0.0003406415053177625
"UN0004977",2015-07-09T00:04:32.378Z,8465,-0.0003406415053177625
"UN0004977",2015-07-09T00:04:32.378Z,10077,-0.0003406415053177625
"UN0004977",2015-07-08T23:08:18.732Z,8320,-0.0003406415053177625
"UN0004977",2015-07-09T00:04:32.378Z,10285,-0.0003406415053177625
"UN0004977",2015-07-08T23:41:01.968Z,10301,-0.0003406415053177625
"UN0004977",2015-07-09T00:04:32.378Z,10991,-0.0003406415053177625
"UN0004977",2015-07-08T23:08:18.732Z,10938,-0.0003406415053177625
"UN0004977",2015-07-09T00:04:32.378Z,8317,-0.0003406415053177625
"UN0004977",2015-07-09T00:04:32.378Z,10867,-0.0003406415053177625
"UN0004977",2015-07-08T23:08:18.732Z,7218,-0.0003406415053177625
"UN0004977",2015-07-08T23:08:18.732Z,11281,-0.0003406415053177625
"UN0004977",2015-07-09T00:04:32.378Z,8570,-0.0003406415053177625
"UN0004977",2015-06-29T21:00:44.628Z,10147,-0.0003406415053177625
"UN0004977",2015-07-09T00:04:32.378Z,10042,-0.0003406415053177625
"UN0004977",2015-07-08T23:08:18.732Z,11774,-0.0003406415053177625
"UN0004977",2015-07-09T00:04:32.378Z,11636,-0.0003406415053177625
"UN0004977",2015-07-08T23:08:18.732Z,11046,-0.0003406415053177625
"UN0004977",2015-06-29T21:00:44.628Z,13033,-0.0003406415053177625
"UN0004977",2015-07-08T23:08:18.732Z,8432,-0.0003406415053177625
"UN0004977",2015-07-09T00:04:32.378Z,8943,-0.0003406415053177625
"UN0004977",2015-07-09T00:04:32.378Z,9687,-0.0003406415053177625
"UN0004977",2015-07-08T23:08:18.732Z,8859,-0.0003406415053177625
"UN0004977",2015-07-08T23:08:18.732Z,8512,-0.0003406415053177625
"UN0004977",2015-07-09T00:04:32.378Z,9986,-0.0003406415053177625
"UN0004977",2015-07-09T00:04:32.378Z,9318,-0.0003406415053177625
"UN0004977",2015-07-09T00:04:32.378Z,10186,-0.0003406415053177625
"UN0004977",2015-07-08T23:08:18.732Z,11810,-0.0003406415053177625
"UN0004977",2015-07-09T00:04:32.378Z,9528,-0.0003406415053177625
"UN0004977",2015-07-09T00:04:32.378Z,10096,-0.0003406415053177625
"UN0004977",2015-07-08T23:08:18.732Z,10782,-0.0003406415053177625
"UN0004977",2015-07-08T23:08:18.732Z,11551,-0.0003406415053177625
"UN0004977",2015-07-08T23:08:18.732Z,11730,-0.0003406415053177625
"UN0004977",2015-07-08T23:08:18.732Z,11577,-0.0003406415053177625
"UN0004977",2015-07-09T00:04:32.378Z,7231,-0.0003406415053177625
"UN0004977",2015-07-09T00:04:32.378Z,9978,-0.0003406415053177625
"UN0004977",2015-06-29T21:00:44.628Z,8255,-0.0003406415053177625
"UN0004977",2015-07-09T00:04:32.378Z,10246,-0.0003406415053177625
"UN0004977",2015-07-09T00:04:32.378Z,10009,-0.0003406415053177625
"UN0004977",2015-07-09T00:04:32.378Z,4005,-0.0003406415053177625
"UN0004977",2015-07-08T23:41:01.968Z,10783,-0.0003406415053177625
"UN0004977",2015-07-09T00:04:32.378Z,11517,-0.0003406415053177625
"UN0004977",2015-07-09T00:04:32.378Z,10819,-0.0003406415053177625
"UN0004977",2015-07-08T23:08:18.732Z,9867,-0.0003406415053177625
"UN0004977",2015-07-08T23:08:18.732Z,11779,-0.0003406415053177625
"UN0004977",2015-07-09T00:04:32.378Z,9354,-0.0003406415053177625
"UN0004977",2015-07-09T00:04:32.378Z,10572,-0.0003406415053177625
"UN0004977",2015-07-08T23:08:18.732Z,10253,-0.0003406415053177625
"UN0004977",2015-07-08T23:08:18.732Z,10993,-0.0003406415053177625
"UN0004977",2015-07-08T23:41:01.968Z,10017,-0.0003406415053177625
"UN0004977",2015-07-08T23:41:01.968Z,11786,-0.0003406415053177625
"UN0004977",2015-07-09T00:04:32.378Z,11510,-0.0003406415053177625
"UN0004977",2015-07-09T00:04:32.378Z,2718,-0.0003406415053177625
"UN0004977",2015-06-29T21:00:44.628Z,14374,-0.0003406415053177625
"UN0004977",2015-06-29T21:00:44.628Z,12622,-0.0003406415053177625
"UN0004977",2015-06-29T21:00:44.628Z,12932,-0.0003406415053177625
"UN0004977",2015-06-29T21:00:44.628Z,11139,-0.0003406415053177625
"UN0004977",2015-07-09T00:04:32.378Z,8875,-0.0003406415053177625
"UN0004977",2015-07-09T00:04:32.378Z,8334,-0.0003406415053177625
"UN0004977",2015-06-29T21:00:44.628Z,8773,-0.0003406415053177625
"UN0004977",2015-07-08T23:08:18.732Z,10266,-0.0003406415053177625
"UN0004977",2015-07-09T00:04:32.378Z,9732,-0.0003406415053177625
"UN0004977",2015-07-09T00:04:32.378Z,11287,-0.0003406415053177625
"UN0004977",2015-07-09T00:04:32.378Z,11577,-0.0003406415053177625
"UN0004977",2015-07-09T00:04:32.378Z,10845,-0.0003406415053177625
"UN0004977",2015-07-09T00:04:32.378Z,10859,-0.0003406415053177625
"UN0004977",2015-07-08T23:08:18.732Z,11840,-0.0003406415053177625
"UN0004977",2015-07-08T23:08:18.732Z,11783,-0.0003406415053177625
"UN0004977",2015-07-09T00:04:32.378Z,11726,-0.0003406415053177625
"UN0004977",2015-07-09T00:04:32.378Z,11147,-0.0003406415053177625
"UN0004977",2015-07-09T00:04:32.378Z,8802,-0.0003406415053177625
"UN0004977",2015-07-09T00:04:32.378Z,11278,-0.0003406415053177625
"UN0004977",2015-07-08T23:08:18.732Z,9551,-0.0003406415053177625
"UN0004977",2015-07-08T23:08:18.732Z,9577,-0.0003406415053177625
"UN0004977",2015-07-09T00:04:32.378Z,11762,-0.0003406415053177625
"UN0004977",2015-07-09T00:04:32.378Z,11828,-0.0003406415053177625
"UN0004977",2015-07-09T00:04:32.378Z,11855,-0.0003406415053177625
"UN0004977",2015-07-08T23:08:18.732Z,2684,-0.0003406415053177625
"UN0004977",2015-06-29T21:00:44.628Z,10377,-0.0003406415053177625
"UN0004977",2015-07-09T00:04:32.378Z,10720,-0.0003406415053177625
"UN0004977",2015-07-08T23:08:18.732Z,7239,-0.0003406415053177625
"UN0004977",2015-07-09T00:04:32.378Z,10979,-0.0003406415053177625
"UN0004977",2015-07-08T23:08:18.732Z,9967,-0.0003406415053177625
"UN0004977",2015-07-08T23:08:18.732Z,10706,-0.0003406415053177625
"UN0004977",2015-07-08T23:08:18.732Z,11151,-0.0003406415053177625
"UN0004977",2015-07-09T00:04:32.378Z,11864,-0.0003406415053177625
"UN0004977",2015-07-08T23:08:18.732Z,11791,-0.0003406415053177625
"UN0004977",2015-06-29T21:00:44.628Z,10386,-0.0003406415053177625
"UN0004977",2015-07-09T00:04:32.378Z,7234,-0.0003406415053177625
"UN0004977",2015-07-09T00:04:32.378Z,10369,-0.0003406415053177625
"UN0004977",2015-07-08T23:08:18.732Z,10121,-0.0003406415053177625
"UN0004977",2015-07-08T23:08:18.732Z,4041,-0.0003406415053177625
"UN0004977",2015-07-08T23:08:18.732Z,9540,-0.0003406415053177625
"UN0004977",2015-07-08T23:08:18.732Z,10465,-0.0003406415053177625
"UN0004977",2015-07-09T00:04:32.378Z,11806,-0.0003406415053177625
"UN0004977",2015-07-08T23:08:18.732Z,9980,-0.0003406415053177625
"UN0004977",2015-07-08T23:08:18.732Z,3785,-0.0003406415053177625
"UN0004977",2015-06-29T21:00:44.628Z,9237,-0.0003406415053177625
"UN0004977",2015-07-08T23:08:18.732Z,9325,-0.0003406415053177625
"UN0004977",2015-07-09T00:04:32.378Z,10947,-0.0003406415053177625
"UN0004977",2015-06-29T21:00:44.628Z,6459,-0.0003406415053177625
"UN0004977",2015-06-29T21:00:44.628Z,9221,-0.0003406415053177625
"UN0004977",2015-06-29T21:00:44.628Z,10149,-0.0003406415053177625
"UN0004977",2015-06-29T21:00:44.628Z,11405,-0.0003406415053177625
"UN0004977",2015-06-29T21:00:44.628Z,12897,-0.0003406415053177625
"UN0004977",2015-07-08T23:08:18.732Z,10254,-0.0003406415053177625
"UN0004977",2015-06-29T21:00:44.628Z,8439,-0.0003406415053177625
"UN0004977",2015-06-29T21:00:44.628Z,10295,-0.0003406415053177625
"UN0004977",2015-06-29T21:00:44.628Z,15887,-0.0003406415053177625
"UN0004977",2015-06-29T21:00:44.628Z,8682,-0.0003406415053177625
"UN0004977",2015-06-29T21:00:44.628Z,8517,-0.0003406415053177625
"UN0004977",2015-06-29T21:00:44.628Z,13999,-0.0003406415053177625
"UN0004977",2015-06-29T21:00:44.628Z,9216,-0.0003406415053177625
"UN0004977",2015-06-29T21:00:44.628Z,9971,-0.0003406415053177625
"UN0004977",2015-06-29T21:00:44.628Z,9522,-0.0003406415053177625
"UN0004977",2015-06-29T21:00:44.628Z,8881,-0.0003406415053177625
"UN0004977",2015-07-08T23:08:18.732Z,5203,-0.0003406415053177625
"UN0004977",2015-07-08T23:08:18.732Z,6016,-0.0003406415053177625
"UN0004977",2015-07-08T23:08:18.732Z,5165,-0.0003406415053177625
"UN0004977",2015-07-08T23:08:18.732Z,5373,-0.0003406415053177625
"UN0004977",2015-07-08T23:41:01.968Z,4939,-0.0003406415053177625
"UN0004977",2015-07-08T23:41:01.968Z,2489,-0.0003406415053177625
"UN0004977",2015-07-08T23:08:18.732Z,6165,-0.0003406415053177625
"UN0004977",2015-07-08T23:08:18.732Z,6923,-0.0003406415053177625
"UN0004977",2015-07-08T23:41:01.968Z,5081,-0.0003406415053177625
"UN0004977",2015-07-08T23:08:18.732Z,5744,-0.0003406415053177625
"UN0004977",2015-07-08T23:41:01.968Z,6088,-0.0003406415053177625
"UN0004977",2015-07-08T23:08:18.732Z,6594,-0.0003406415053177625
"UN0004977",2015-07-08T23:41:01.968Z,6211,-0.0003406415053177625
"UN0004977",2015-07-08T23:41:01.968Z,6633,-0.0003406415053177625
"UN0004977",2015-07-08T23:08:18.732Z,6415,-0.0003406415053177625
"UN0004977",2015-07-08T23:08:18.732Z,6703,-0.0003406415053177625
"UN0004977",2015-07-09T00:04:32.378Z,5521,-0.0003406415053177625
"UN0004977",2015-07-08T23:08:18.732Z,5043,-0.0003406415053177625
"UN0004977",2015-07-08T23:08:18.732Z,5479,-0.0003406415053177625
"UN0004977",2015-07-09T00:04:32.378Z,5868,-0.0003406415053177625
"UN0004977",2015-07-08T23:08:18.732Z,6035,-0.0003406415053177625
"UN0004977",2015-07-08T23:08:18.732Z,6573,-0.0003406415053177625
"UN0004977",2015-07-09T00:04:32.378Z,5107,-0.0003406415053177625
"UN0004977",2015-07-09T00:04:32.378Z,4969,-0.0003406415053177625
"UN0004977",2015-07-08T23:08:18.732Z,6498,-0.0003406415053177625
"UN0004977",2015-07-08T23:08:18.732Z,6128,-0.0003406415053177625
"UN0004977",2015-07-08T23:08:18.732Z,6061,-0.0003406415053177625
"UN0004977",2015-07-08T23:08:18.732Z,6188,-0.0003406415053177625
"UN0004977",2015-07-08T23:41:01.968Z,5540,-0.0003406415053177625
"UN0004977",2015-06-29T21:00:44.628Z,3860,-0.0003406415053177625
"UN0004977",2015-07-08T23:08:18.732Z,4864,-0.0003406415053177625
"UN0004977",2015-07-09T00:04:32.378Z,5478,-0.0003406415053177625
"UN0004977",2015-07-09T00:04:32.378Z,5482,-0.0003406415053177625
"UN0004977",2015-07-09T00:04:32.378Z,4739,-0.0003406415053177625
"UN0004977",2015-07-08T23:08:18.732Z,5571,-0.0003406415053177625
"UN0004977",2015-07-09T00:04:32.378Z,5617,-0.0003406415053177625
"UN0004977",2015-07-08T23:08:18.732Z,6068,-0.0003406415053177625
"UN0004977",2015-06-29T21:00:44.628Z,4543,-0.0003406415053177625
"UN0004977",2015-07-08T23:41:01.968Z,5788,-0.0003406415053177625
"UN0004977",2015-07-09T00:04:32.378Z,5880,-0.0003406415053177625
"UN0004977",2015-07-09T00:04:32.378Z,6537,-0.0003406415053177625
"UN0004977",2015-07-09T00:04:32.378Z,6383,-0.0003406415053177625
"UN0004977",2015-07-08T23:41:01.968Z,6739,-0.0003406415053177625
"UN0004977",2015-07-08T23:08:18.732Z,5414,-0.0003406415053177625
"UN0004977",2015-07-09T00:04:32.378Z,5232,-0.0003406415053177625
"UN0004977",2015-07-09T00:04:32.378Z,6161,-0.0003406415053177625
"UN0004977",2015-07-09T00:04:32.378Z,6235,-0.0003406415053177625
"UN0004977",2015-07-08T23:41:01.968Z,6517,-0.0003406415053177625
"UN0004977",2015-07-08T23:08:18.732Z,6443,-0.0003406415053177625
"UN0004977",2015-07-08T23:41:01.968Z,6469,-0.0003406415053177625
"UN0004977",2015-07-09T00:04:32.378Z,4841,-0.0003406415053177625
"UN0004977",2015-07-09T00:04:32.378Z,5176,-0.0003406415053177625
"UN0004977",2015-07-09T00:04:32.378Z,6200,-0.0003406415053177625
"UN0004977",2015-07-09T00:04:32.378Z,6515,-0.0003406415053177625
"UN0004977",2015-07-08T23:08:18.732Z,4748,-0.0003406415053177625
"UN0004977",2015-07-09T00:04:32.378Z,6151,-0.0003406415053177625
"UN0004977",2015-07-09T00:04:32.378Z,6666,-0.0003406415053177625
"UN0004977",2015-07-09T00:04:32.378Z,2467,-0.0003406415053177625
"UN0004977",2015-07-08T23:08:18.732Z,6680,-0.0003406415053177625
"UN0004977",2015-07-09T00:04:32.378Z,5063,-0.0003406415053177625
"UN0004977",2015-07-08T23:08:18.732Z,6976,-0.0003406415053177625
"UN0004977",2015-07-08T23:08:18.732Z,5834,-0.0003406415053177625
"UN0004977",2015-07-08T23:08:18.732Z,7054,-0.0003406415053177625
"UN0004977",2015-07-09T00:04:32.378Z,6719,-0.0003406415053177625
"UN0004977",2015-07-08T23:08:18.732Z,4332,-0.0003406415053177625
"UN0004977",2015-07-09T00:04:32.378Z,4348,-0.0003406415053177625
"UN0004977",2015-07-08T23:41:01.968Z,5835,-0.0003406415053177625
"UN0004977",2015-06-29T21:00:44.628Z,7292,-0.0003406415053177625
"UN0004977",2015-06-29T21:00:44.628Z,6298,-0.0003406415053177625
"UN0004977",2015-07-08T23:08:18.732Z,5450,-0.0003406415053177625
"UN0004977",2015-07-08T23:08:18.732Z,4966,-0.0003406415053177625
"UN0004977",2015-07-08T23:08:18.732Z,4791,-0.0003406415053177625
"UN0004977",2015-07-09T00:04:32.378Z,6291,-0.0003406415053177625
"UN0004977",2015-06-29T21:00:44.628Z,4684,-0.0003406415053177625
"UN0004977",2015-07-09T00:04:32.378Z,7120,-0.0003406415053177625
"UN0004977",2015-07-08T23:08:18.732Z,7082,-0.0003406415053177625
"UN0004977",2015-07-09T00:04:32.378Z,6576,-0.0003406415053177625
"UN0004977",2015-07-09T00:04:32.378Z,6914,-0.0003406415053177625
"UN0004977",2015-07-08T23:08:18.732Z,6531,-0.0003406415053177625
"UN0004977",2015-07-08T23:08:18.732Z,7048,-0.0003406415053177625
"UN0004977",2015-07-09T00:04:32.378Z,6959,-0.0003406415053177625
"UN0004977",2015-07-08T23:08:18.732Z,7022,-0.0003406415053177625
"UN0004977",2015-07-08T23:08:18.732Z,6666,-0.0003406415053177625
"UN0004977",2015-07-09T00:04:32.378Z,7016,-0.0003406415053177625
"UN0004977",2015-07-09T00:04:32.378Z,5873,-0.0003406415053177625
"UN0004977",2015-07-08T23:08:18.732Z,5125,-0.0003406415053177625
"UN0004977",2015-06-29T21:00:44.628Z,6321,-0.0003406415053177625
"UN0004977",2015-07-08T23:08:18.732Z,5489,-0.0003406415053177625
"UN0004977",2015-07-08T23:08:18.732Z,6711,-0.0003406415053177625
"UN0004977",2015-07-09T00:04:32.378Z,5960,-0.0003406415053177625
"UN0004977",2015-07-09T00:04:32.378Z,5742,-0.0003406415053177625
"UN0004977",2015-07-09T00:04:32.378Z,5748,-0.0003406415053177625
"UN0004977",2015-07-09T00:04:32.378Z,6101,-0.0003406415053177625
"UN0004977",2015-07-08T23:41:01.968Z,5750,-0.0003406415053177625
"UN0004977",2015-07-09T00:04:32.378Z,6554,-0.0003406415053177625
"UN0004977",2015-07-09T00:04:32.378Z,6065,-0.0003406415053177625
"UN0004977",2015-07-08T23:41:01.968Z,6290,-0.0003406415053177625
"UN0004977",2015-07-08T23:08:18.732Z,6310,-0.0003406415053177625
"UN0004977",2015-07-08T23:08:18.732Z,6660,-0.0003406415053177625
"UN0004977",2015-07-09T00:04:32.378Z,5501,-0.0003406415053177625
"UN0004977",2015-07-09T00:04:32.378Z,6955,-0.0003406415053177625
"UN0004977",2015-07-09T00:04:32.378Z,6549,-0.0003406415053177625
"UN0004977",2015-06-29T21:00:44.628Z,3575,-0.0003406415053177625
"UN0004977",2015-07-09T00:04:32.378Z,6713,-0.0003406415053177625
"UN0004977",2015-07-09T00:04:32.378Z,6754,-0.0003406415053177625
"UN0004977",2015-07-09T00:04:32.378Z,4835,-0.0003406415053177625
"UN0004977",2015-07-09T00:04:32.378Z,6132,-0.0003406415053177625
"UN0004977",2015-07-09T00:04:32.378Z,6233,-0.0003406415053177625
"UN0004977",2015-07-09T00:04:32.378Z,6463,-0.0003406415053177625
"UN0004977",2015-07-09T00:04:32.378Z,6759,-0.0003406415053177625
"UN0004977",2015-07-08T23:08:18.732Z,6620,-0.0003406415053177625
"UN0004977",2015-07-08T23:08:18.732Z,5829,-0.0003406415053177625
"UN0004977",2015-07-09T00:04:32.378Z,6083,-0.0003406415053177625
"UN0004977",2015-07-09T00:04:32.378Z,7049,-0.0003406415053177625
"UN0004977",2015-07-08T23:08:18.732Z,7057,-0.0003406415053177625
"UN0004977",2015-07-09T00:04:32.378Z,7097,-0.0003406415053177625
"UN0004977",2015-06-29T21:00:44.628Z,6133,-0.0003406415053177625
"UN0004977",2015-06-29T21:00:44.628Z,5176,-0.0003406415053177625
"UN0004977",2015-06-29T21:00:44.628Z,4819,-0.0003406415053177625
"UN0004977",2015-07-08T23:08:18.732Z,6258,-0.0003406415053177625
"UN0004977",2015-07-09T00:04:32.378Z,6672,-0.0003406415053177625
"UN0004977",2015-07-08T23:41:01.968Z,6120,-0.0003406415053177625
"UN0004977",2015-07-08T23:41:01.968Z,7084,-0.0003406415053177625
"UN0004977",2015-07-08T23:08:18.732Z,5531,-0.0003406415053177625
"UN0004977",2015-07-08T23:41:01.968Z,6519,-0.0003406415053177625
"UN0004977",2015-07-08T23:08:18.732Z,6495,-0.0003406415053177625
"UN0004977",2015-07-08T23:08:18.732Z,7095,-0.0003406415053177625
"UN0004977",2015-07-09T00:04:32.378Z,5359,-0.0003406415053177625
"UN0004977",2015-07-09T00:04:32.378Z,5459,-0.0003406415053177625
"UN0004977",2015-07-09T00:04:32.378Z,6506,-0.0003406415053177625
"UN0004977",2015-07-08T23:08:18.732Z,6969,-0.0003406415053177625
"UN0004977",2015-07-09T00:04:32.378Z,7071,-0.0003406415053177625
"UN0004977",2015-07-08T23:08:18.732Z,7063,-0.0003406415053177625
"UN0004977",2015-07-08T23:08:18.732Z,6966,-0.0003406415053177625
"UN0004977",2015-07-08T23:08:18.732Z,6762,-0.0003406415053177625
"UN0004977",2015-07-08T23:08:18.732Z,5747,-0.0003406415053177625
"UN0004977",2015-06-29T21:00:44.628Z,4787,-0.0003406415053177625
"UN0004977",2015-07-08T23:08:18.732Z,4397,-0.0003406415053177625
"UN0004977",2015-07-08T23:08:18.732Z,6146,-0.0003406415053177625
"UN0004977",2015-07-08T23:08:18.732Z,5733,-0.0003406415053177625
"UN0004977",2015-07-08T23:08:18.732Z,6321,-0.0003406415053177625
"UN0004977",2015-07-08T23:08:18.732Z,6093,-0.0003406415053177625
"UN0004977",2015-07-09T00:04:32.378Z,4383,-0.0003406415053177625
"UN0004977",2015-07-09T00:04:32.378Z,6244,-0.0003406415053177625
"UN0004977",2015-06-29T21:00:44.628Z,3989,-0.0003406415053177625
"UN0004977",2015-07-08T23:08:18.732Z,6211,-0.0003406415053177625
"UN0004977",2015-07-09T00:04:32.378Z,5819,-0.0003406415053177625
"UN0004977",2015-07-08T23:08:18.732Z,2489,-0.0003406415053177625
"UN0004977",2015-07-09T00:04:32.378Z,6633,-0.0003406415053177625
"UN0004977",2015-07-09T00:04:32.378Z,7106,-0.0003406415053177625
"UN0004977",2015-06-29T21:00:44.628Z,3792,-0.0003406415053177625
"UN0004977",2015-07-09T00:04:32.378Z,7119,-0.0003406415053177625
"UN0004977",2015-07-09T00:04:32.378Z,7038,-0.0003406415053177625
"UN0004977",2015-06-29T21:00:44.628Z,2528,-0.0003406415053177625
"UN0004977",2015-06-29T21:00:44.628Z,2844,-0.0003406415053177625
"UN0004977",2015-06-29T21:00:44.628Z,4738,-0.0003406415053177625
"UN0004977",2015-06-29T21:00:44.628Z,4736,-0.0003406415053177625
"UN0004977",2015-06-29T21:00:44.628Z,3955,-0.0003406415053177625
"UN0004977",2015-06-29T21:00:44.628Z,8565,-0.0003406415053177625
"UN0004977",2015-06-29T21:00:44.628Z,4130,-0.0003406415053177625
"UN0004977",2015-06-29T21:00:44.628Z,3887,-0.0003406415053177625
"UN0004977",2015-07-08T23:08:18.732Z,5862,-0.0003406415053177625
"UN0004977",2015-06-29T21:00:44.628Z,4968,-0.0003406415053177625
"UN0004977",2015-06-29T21:00:44.628Z,4503,-0.0003406415053177625
"UN0004977",2015-06-29T21:00:44.628Z,7192,-0.0003406415053177625
"UN0004977",2015-06-29T21:00:44.628Z,6355,-0.0003406415053177625
"UN0004977",2015-06-29T21:00:44.628Z,4349,-0.0003406415053177625
"UN0004977",2015-06-29T21:00:44.628Z,3690,-0.0003406415053177625
"UN0004977",2015-06-29T21:00:44.628Z,3994,-0.0003406415053177625
"UN0004977",2015-07-08T23:08:18.732Z,2278,-0.0003406415053177625
"UN0004977",2015-07-08T23:08:18.732Z,2231,-0.0003406415053177625
"UN0004977",2015-07-08T23:08:18.732Z,2345,-0.0003406415053177625
"UN0004977",2015-07-08T23:08:18.732Z,2200,-0.0003406415053177625
"UN0004977",2015-07-08T23:08:18.732Z,2019,-0.0003406415053177625
"UN0004977",2015-07-08T23:08:18.732Z,2152,-0.0003406415053177625
"UN0004977",2015-07-08T23:41:01.968Z,2366,-0.0003406415053177625
"UN0004977",2015-07-08T23:41:01.968Z,2278,-0.0003406415053177625
"UN0004977",2015-07-08T23:41:01.968Z,2415,-0.0003406415053177625
"UN0004977",2015-07-08T23:41:01.968Z,2098,-0.0003406415053177625
"UN0004977",2015-07-08T23:08:18.732Z,2360,-0.0003406415053177625
"UN0004977",2015-07-08T23:41:01.968Z,2091,-0.0003406415053177625
"UN0004977",2015-07-08T23:41:01.968Z,2185,-0.0003406415053177625
"UN0004977",2015-07-08T23:41:01.968Z,2298,-0.0003406415053177625
"UN0004977",2015-07-08T23:08:18.732Z,2076,-0.0003406415053177625
"UN0004977",2015-07-08T23:08:18.732Z,2436,-0.0003406415053177625
"UN0004977",2015-07-08T23:41:01.968Z,2418,-0.0003406415053177625
"UN0004977",2015-07-08T23:08:18.732Z,2396,-0.0003406415053177625
"UN0004977",2015-07-08T23:08:18.732Z,2497,-0.0003406415053177625
"UN0004977",2015-07-08T23:41:01.968Z,2526,-0.0003406415053177625
"UN0004977",2015-07-08T23:41:01.968Z,2350,-0.0003406415053177625
"UN0004977",2015-07-08T23:41:01.968Z,2395,-0.0003406415053177625
"UN0004977",2015-07-08T23:41:01.968Z,2421,-0.0003406415053177625
"UN0004977",2015-07-08T23:41:01.968Z,2068,-0.0003406415053177625
"UN0004977",2015-07-08T23:08:18.732Z,2278,-0.0003406415053177625
"UN0004977",2015-07-08T23:08:18.732Z,2260,-0.0003406415053177625
"UN0004977",2015-07-08T23:08:18.732Z,2249,-0.0003406415053177625
"UN0004977",2015-07-09T00:04:32.378Z,2333,-0.0003406415053177625
"UN0004977",2015-07-08T23:41:01.968Z,2298,-0.0003406415053177625
"UN0004977",2015-07-08T23:41:01.968Z,2435,-0.0003406415053177625
"UN0004977",2015-07-08T23:41:01.968Z,2370,-0.0003406415053177625
"UN0004977",2015-07-08T23:41:01.968Z,2018,-0.0003406415053177625
"UN0004977",2015-07-09T00:04:32.378Z,2561,-0.0003406415053177625
"UN0004977",2015-07-09T00:04:32.378Z,2378,-0.0003406415053177625
"UN0004977",2015-07-08T23:41:01.968Z,2551,-0.0003406415053177625
"UN0004977",2015-07-09T00:04:32.378Z,2316,-0.0003406415053177625
"UN0004977",2015-07-08T23:08:18.732Z,2406,-0.0003406415053177625
"UN0004977",2015-07-08T23:41:01.968Z,2227,-0.0003406415053177625
"UN0004977",2015-07-08T23:41:01.968Z,2150,-0.0003406415053177625
"UN0004977",2015-07-08T23:41:01.968Z,2247,-0.0003406415053177625
"UN0004977",2015-07-08T23:41:01.968Z,2408,-0.0003406415053177625
"UN0004977",2015-07-08T23:08:18.732Z,2028,-0.0003406415053177625
"UN0004977",2015-07-08T23:41:01.968Z,2505,-0.0003406415053177625
"UN0004977",2015-07-09T00:04:32.378Z,2387,-0.0003406415053177625
"UN0004977",2015-07-08T23:08:18.732Z,2382,-0.0003406415053177625
"UN0004977",2015-07-08T23:41:01.968Z,2381,-0.0003406415053177625
"UN0004977",2015-07-09T00:04:32.378Z,2443,-0.0003406415053177625
"UN0004977",2015-07-08T23:41:01.968Z,2016,-0.0003406415053177625
"UN0004977",2015-07-08T23:08:18.732Z,2050,-0.0003406415053177625
"UN0004977",2015-07-08T23:08:18.732Z,2011,-0.0003406415053177625
"UN0004977",2015-07-08T23:41:01.968Z,2026,-0.0003406415053177625
"UN0004977",2015-07-08T23:08:18.732Z,2370,-0.0003406415053177625
"UN0004977",2015-07-08T23:08:18.732Z,2414,-0.0003406415053177625
"UN0004977",2015-07-08T23:08:18.732Z,2204,-0.0003406415053177625
"UN0004977",2015-07-09T00:04:32.378Z,2312,-0.0003406415053177625
"UN0004977",2015-07-08T23:08:18.732Z,2325,-0.0003406415053177625
"UN0004977",2015-07-08T23:08:18.732Z,2545,-0.0003406415053177625
"UN0004977",2015-07-08T23:08:18.732Z,2502,-0.0003406415053177625
"UN0004977",2015-07-08T23:08:18.732Z,2376,-0.0003406415053177625
"UN0004977",2015-07-08T23:08:18.732Z,2093,-0.0003406415053177625
"UN0004977",2015-07-08T23:08:18.732Z,2512,-0.0003406415053177625
"UN0004977",2015-07-08T23:41:01.968Z,2517,-0.0003406415053177625
"UN0004977",2015-07-09T00:04:32.378Z,2012,-0.0003406415053177625
"UN0004977",2015-07-08T23:41:01.968Z,2268,-0.0003406415053177625
"UN0004977",2015-07-09T00:04:32.378Z,2251,-0.0003406415053177625
"UN0004977",2015-07-08T23:41:01.968Z,2150,-0.0003406415053177625
"UN0004977",2015-07-08T23:41:01.968Z,2182,-0.0003406415053177625
"UN0004977",2015-07-08T23:08:18.732Z,2295,-0.0003406415053177625
"UN0004977",2015-07-08T23:41:01.968Z,2320,-0.0003406415053177625
"UN0004977",2015-07-09T00:04:32.378Z,2282,-0.0003406415053177625
"UN0004977",2015-07-08T23:08:18.732Z,2082,-0.0003406415053177625
"UN0004977",2015-07-08T23:41:01.968Z,2505,-0.0003406415053177625
"UN0004977",2015-07-08T23:41:01.968Z,2344,-0.0003406415053177625
"UN0004977",2015-07-08T23:41:01.968Z,2543,-0.0003406415053177625
"UN0004977",2015-07-08T23:41:01.968Z,2519,-0.0003406415053177625
"UN0004977",2015-07-08T23:08:18.732Z,2525,-0.0003406415053177625
"UN0004977",2015-07-08T23:41:01.968Z,2447,-0.0003406415053177625
"UN0004977",2015-07-08T23:41:01.968Z,2063,-0.0003406415053177625
"UN0004977",2015-07-08T23:08:18.732Z,2414,-0.0003406415053177625
"UN0004977",2015-07-09T00:04:32.378Z,2154,-0.0003406415053177625
"UN0004977",2015-07-08T23:41:01.968Z,2158,-0.0003406415053177625
"UN0004977",2015-07-08T23:41:01.968Z,2420,-0.0003406415053177625
"UN0004977",2015-06-29T21:00:44.628Z,2004,-0.0003406415053177625
"UN0004977",2015-07-08T23:41:01.968Z,2013,-0.0003406415053177625
"UN0004977",2015-07-08T23:08:18.732Z,2067,-0.0003406415053177625
"UN0004977",2015-07-08T23:41:01.968Z,2304,-0.0003406415053177625
"UN0004977",2015-07-08T23:08:18.732Z,2428,-0.0003406415053177625
"UN0004977",2015-07-08T23:41:01.968Z,2241,-0.0003406415053177625
"UN0004977",2015-07-08T23:41:01.968Z,2263,-0.0003406415053177625
"UN0004977",2015-07-08T23:08:18.732Z,2551,-0.0003406415053177625
"UN0004977",2015-07-08T23:08:18.732Z,2523,-0.0003406415053177625
"UN0004977",2015-07-08T23:41:01.968Z,2531,-0.0003406415053177625
"UN0004977",2015-07-08T23:08:18.732Z,2444,-0.0003406415053177625
"UN0004977",2015-07-08T23:41:01.968Z,2512,-0.0003406415053177625
"UN0004977",2015-07-08T23:08:18.732Z,2252,-0.0003406415053177625
"UN0004977",2015-07-08T23:08:18.732Z,2301,-0.0003406415053177625
"UN0004977",2015-07-09T00:04:32.378Z,2423,-0.0003406415053177625
"UN0004977",2015-07-08T23:08:18.732Z,2169,-0.0003406415053177625
"UN0004977",2015-07-08T23:08:18.732Z,2524,-0.0003406415053177625
"UN0004977",2015-07-08T23:08:18.732Z,2362,-0.0003406415053177625
"UN0004977",2015-07-08T23:08:18.732Z,2505,-0.0003406415053177625
"UN0004977",2015-07-08T23:41:01.968Z,2545,-0.0003406415053177625
"UN0004977",2015-06-29T21:00:44.628Z,2526,-0.0003406415053177625
"UN0004977",2015-07-08T23:41:01.968Z,2054,-0.0003406415053177625
"UN0004977",2015-07-09T00:04:32.378Z,2099,-0.0003406415053177625
"UN0004977",2015-07-08T23:08:18.732Z,2421,-0.0003406415053177625
"UN0004977",2015-07-08T23:41:01.968Z,2372,-0.0003406415053177625
"UN0004977",2015-07-08T23:41:01.968Z,2544,-0.0003406415053177625
"UN0004977",2015-07-08T23:08:18.732Z,2535,-0.0003406415053177625
"UN0004977",2015-07-08T23:08:18.732Z,2150,-0.0003406415053177625
"UN0004977",2015-07-08T23:41:01.968Z,2393,-0.0003406415053177625
"UN0004977",2015-07-08T23:08:18.732Z,2256,-0.0003406415053177625
"UN0004977",2015-07-08T23:08:18.732Z,2307,-0.0003406415053177625
"UN0004977",2015-07-08T23:08:18.732Z,2496,-0.0003406415053177625
"UN0004977",2015-07-08T23:08:18.732Z,2022,-0.0003406415053177625
"UN0004977",2015-07-08T23:41:01.968Z,2046,-0.0003406415053177625
"UN0004977",2015-07-08T23:41:01.968Z,2046,-0.0003406415053177625
